Partlist,Value,Device,Package,Manufacturer,Part#,Description,
C1,100n,C-EU0402-B-NOSILK,0402-B-NOSILK,,,CAPACITOR, European symbol
C2,100n,C-EU0402-B-NOSILK,0402-B-NOSILK,,,CAPACITOR, European symbol
C3,100n,C-EU0402-B-NOSILK,0402-B-NOSILK,,,CAPACITOR, European symbol
C4,100n,C-EU0402-B-NOSILK,0402-B-NOSILK,,,CAPACITOR, European symbol
C5,100n,C-EU0402-B-NOSILK,0402-B-NOSILK,,,CAPACITOR, European symbol
C6,100n,C-EU0402-B-NOSILK,0402-B-NOSILK,,,CAPACITOR, European symbol
C7,1n,C-EU0402-B-NOSILK,0402-B-NOSILK,,,CAPACITOR, European symbol
C8,2.2u/Low ESR,C-EU0402-B-NOSILK,0402-B-NOSILK,,,CAPACITOR, European symbol
C10,100n,C-EU0402-B-NOSILK,0402-B-NOSILK,,,CAPACITOR, European symbol
C11,100n,C-EU0402-B-NOSILK,0402-B-NOSILK,,,CAPACITOR, European symbol
C12,10n,C-EU0402-B-NOSILK,0402-B-NOSILK,,,CAPACITOR, European symbol
C13,100n,C-EU0402-B-NOSILK,0402-B-NOSILK,,,CAPACITOR, European symbol
C14,100n,C-EU0402-B-NOSILK,0402-B-NOSILK,,,CAPACITOR, European symbol
C15,100n,C-EU0402-B-NOSILK,0402-B-NOSILK,,,CAPACITOR, European symbol
C16,100n,C-EU0402-B-NOSILK,0402-B-NOSILK,,,CAPACITOR, European symbol
C17,100n,C-EU0402-B-NOSILK,0402-B-NOSILK,,,CAPACITOR, European symbol
C18,100n,C-EU0402-B-NOSILK,0402-B-NOSILK,,,CAPACITOR, European symbol
C19,100n,C-EU0402-B-NOSILK,0402-B-NOSILK,,,CAPACITOR, European symbol
C20,100n,C-EU0402-B-NOSILK,0402-B-NOSILK,,,CAPACITOR, European symbol
C21,100n,C-EU0402-B-NOSILK,0402-B-NOSILK,,,CAPACITOR, European symbol
C22,100n,C-EU0402-B-NOSILK,0402-B-NOSILK,,,CAPACITOR, European symbol
C23,100n,C-EU0402-B-NOSILK,0402-B-NOSILK,,,CAPACITOR, European symbol
C24,100n,C-EU0402-B-NOSILK,0402-B-NOSILK,,,CAPACITOR, European symbol
C25,100n,C-EU0402-B-NOSILK,0402-B-NOSILK,,,CAPACITOR, European symbol
C26,100n,C-EU0402-B-NOSILK,0402-B-NOSILK,,,CAPACITOR, European symbol
C27,100n,C-EU0402-B-NOSILK,0402-B-NOSILK,,,CAPACITOR, European symbol
C28,100n,C-EU0402-B-NOSILK,0402-B-NOSILK,,,CAPACITOR, European symbol
C29,1n,C-EU0402-B-NOSILK,0402-B-NOSILK,,,CAPACITOR, European symbol
C30,1n,C-EU0402-B-NOSILK,0402-B-NOSILK,,,CAPACITOR, European symbol
C31,1n,C-EU0402-B-NOSILK,0402-B-NOSILK,,,CAPACITOR, European symbol
C32,1n,C-EU0402-B-NOSILK,0402-B-NOSILK,,,CAPACITOR, European symbol
C33,1n,C-EU0402-B-NOSILK,0402-B-NOSILK,,,CAPACITOR, European symbol
C34,1n,C-EU0402-B-NOSILK,0402-B-NOSILK,,,CAPACITOR, European symbol
C35,1n,C-EU0402-B-NOSILK,0402-B-NOSILK,,,CAPACITOR, European symbol
C36,1n,C-EU0402-B-NOSILK,0402-B-NOSILK,,,CAPACITOR, European symbol
C37,1n,C-EU0402-B-NOSILK,0402-B-NOSILK,,,CAPACITOR, European symbol
C38,1n,C-EU0402-B-NOSILK,0402-B-NOSILK,,,CAPACITOR, European symbol
C39,100n/40V,C-EU0402-B-NOSILK,0402-B-NOSILK,,,CAPACITOR, European symbol
C40,1n,C-EU0402-B-NOSILK,0402-B-NOSILK,,,CAPACITOR, European symbol
C41,1n,C-EU0402-B-NOSILK,0402-B-NOSILK,,,CAPACITOR, European symbol
C42,1n,C-EU0402-B-NOSILK,0402-B-NOSILK,,,CAPACITOR, European symbol
C43,1u/40V,C-EU0603-B-NOSILK,0603-B-NOSILK,,,CAPACITOR, European symbol
C44,1n,C-EU0402-B-NOSILK,0402-B-NOSILK,,,CAPACITOR, European symbol
C45,1n,C-EU0402-B-NOSILK,0402-B-NOSILK,,,CAPACITOR, European symbol
C46,1u,C-EU0603-B-NOSILK,0603-B-NOSILK,,,CAPACITOR, European symbol
C47,1u,C-EU0603-B-NOSILK,0603-B-NOSILK,,,CAPACITOR, European symbol
C48,1n,C-EU0402-B-NOSILK,0402-B-NOSILK,,,CAPACITOR, European symbol
C49,1n,C-EU0402-B-NOSILK,0402-B-NOSILK,,,CAPACITOR, European symbol
C50,1n,C-EU0402-B-NOSILK,0402-B-NOSILK,,,CAPACITOR, European symbol
C51,1n,C-EU0402-B-NOSILK,0402-B-NOSILK,,,CAPACITOR, European symbol
C52,4.7u,C-EU0603-B-NOSILK,0603-B-NOSILK,,,CAPACITOR, European symbol
C53,1n,C-EU0402-B-NOSILK,0402-B-NOSILK,,,CAPACITOR, European symbol
C54,1n,C-EU0402-B-NOSILK,0402-B-NOSILK,,,CAPACITOR, European symbol
C55,1n,C-EU0402-B-NOSILK,0402-B-NOSILK,,,CAPACITOR, European symbol
C56,1n,C-EU0402-B-NOSILK,0402-B-NOSILK,,,CAPACITOR, European symbol
C57,1n,C-EU0402-B-NOSILK,0402-B-NOSILK,,,CAPACITOR, European symbol
C60,2.2uF/40V,C-EU0805-B-NOSILK,0805-B-NOSILK,,,CAPACITOR, European symbol
C61,100n,C-EU0402-B-NOSILK,0402-B-NOSILK,,,CAPACITOR, European symbol
C62,100n,C-EU0402-B-NOSILK,0402-B-NOSILK,,,CAPACITOR, European symbol
C63,100n,C-EU0402-B-NOSILK,0402-B-NOSILK,,,CAPACITOR, European symbol
C64,100n,C-EU0402-B-NOSILK,0402-B-NOSILK,,,CAPACITOR, European symbol
C65,100n,C-EU0402-B-NOSILK,0402-B-NOSILK,,,CAPACITOR, European symbol
C66,100n,C-EU0402-B-NOSILK,0402-B-NOSILK,,,CAPACITOR, European symbol
C67,100n,C-EU0402-B-NOSILK,0402-B-NOSILK,,,CAPACITOR, European symbol
C68,100n,C-EU0402-B-NOSILK,0402-B-NOSILK,,,CAPACITOR, European symbol
C69,100n,C-EU0402-B-NOSILK,0402-B-NOSILK,,,CAPACITOR, European symbol
C70,100n,C-EU0402-B-NOSILK,0402-B-NOSILK,,,CAPACITOR, European symbol
C71,100n,C-EU0402-B-NOSILK,0402-B-NOSILK,,,CAPACITOR, European symbol
C72,100n,C-EU0402-B-NOSILK,0402-B-NOSILK,,,CAPACITOR, European symbol
C73,100n,C-EU0402-B-NOSILK,0402-B-NOSILK,,,CAPACITOR, European symbol
C74,100n,C-EU0402-B-NOSILK,0402-B-NOSILK,,,CAPACITOR, European symbol
C75,100n,C-EU0402-B-NOSILK,0402-B-NOSILK,,,CAPACITOR, European symbol
C76,100n,C-EU0402-B-NOSILK,0402-B-NOSILK,,,CAPACITOR, European symbol
C77,10u,C-EU0603-A-NOSILK,0603-A-NOSILK,,,CAPACITOR, European symbol
C78,10u,C-EU0603-A-NOSILK,0603-A-NOSILK,,,CAPACITOR, European symbol
C79,10u,C-EU0603-A-NOSILK,0603-A-NOSILK,,,CAPACITOR, European symbol
C80,10u,C-EU0603-A-NOSILK,0603-A-NOSILK,,,CAPACITOR, European symbol
C81,10u,C-EU0603-A-NOSILK,0603-A-NOSILK,,,CAPACITOR, European symbol
C82,10u,C-EU0603-A-NOSILK,0603-A-NOSILK,,,CAPACITOR, European symbol
C83,0.1u,C-EU0402-B-NOSILK,0402-B-NOSILK,,,CAPACITOR, European symbol
C84,4.7u,C-EU1206-B,1206-B,,,CAPACITOR, European symbol
C85,.1u,C-EU0402-B-NOSILK,0402-B-NOSILK,,,CAPACITOR, European symbol
C86,100n,C-EU0402-B-NOSILK,0402-B-NOSILK,,,CAPACITOR, European symbol
C87,2.2u,C-EU0603-B-NOSILK,0603-B-NOSILK,,,CAPACITOR, European symbol
C88,2.2u,C-EU0603-B-NOSILK,0603-B-NOSILK,,,CAPACITOR, European symbol
C89,2.2u,C-EU0603-B-NOSILK,0603-B-NOSILK,,,CAPACITOR, European symbol
C90,2.2u,C-EU0603-B-NOSILK,0603-B-NOSILK,,,CAPACITOR, European symbol
C91,2.2u,C-EU0603-B-NOSILK,0603-B-NOSILK,,,CAPACITOR, European symbol
C92,2.2u,C-EU0603-B-NOSILK,0603-B-NOSILK,,,CAPACITOR, European symbol
C93,2.2u,C-EU0603-B-NOSILK,0603-B-NOSILK,,,CAPACITOR, European symbol
C94,0.1uF/40V,C-EU0402-B-NOSILK,0402-B-NOSILK,,,CAPACITOR, European symbol
C95,TBD,C-EU0402-B-NOSILK,0402-B-NOSILK,,,CAPACITOR, European symbol
C96,TBD,C-EU0402-B-NOSILK,0402-B-NOSILK,,,CAPACITOR, European symbol
C97,TBD,C-EU0402-B-NOSILK,0402-B-NOSILK,,,CAPACITOR, European symbol
C98,TBD,C-EU0402-B-NOSILK,0402-B-NOSILK,,,CAPACITOR, European symbol
C99,TBD,C-EU0402-B-NOSILK,0402-B-NOSILK,,,CAPACITOR, European symbol
C100,TBD,C-EU0402-B-NOSILK,0402-B-NOSILK,,,CAPACITOR, European symbol
C101,TBD,C-EU0402-B-NOSILK,0402-B-NOSILK,,,CAPACITOR, European symbol
C102,2200pF/40V,C-EU0805-B-NOSILK,0805-B-NOSILK,,,CAPACITOR, European symbol
C103,2.2u,C-EU0603-B-NOSILK,0603-B-NOSILK,,,CAPACITOR, European symbol
C104,2.2u,C-EU0603-B-NOSILK,0603-B-NOSILK,,,CAPACITOR, European symbol
C105,0.1uF/40V,C-EU0402-B-NOSILK,0402-B-NOSILK,,,CAPACITOR, European symbol
C106,10p,C-EU0402-B-NOSILK,0402-B-NOSILK,,,CAPACITOR, European symbol
C107,10p,C-EU0402-B-NOSILK,0402-B-NOSILK,,,CAPACITOR, European symbol
C108,0.1uF,C-EU0402-B-NOSILK,0402-B-NOSILK,,,CAPACITOR, European symbol
C109,0.1uF,C-EU0402-B-NOSILK,0402-B-NOSILK,,,CAPACITOR, European symbol
C110,100pF,C-EU0402-B-NOSILK,0402-B-NOSILK,,,CAPACITOR, European symbol
C111,0.1uF,C-EU0402-B-NOSILK,0402-B-NOSILK,,,CAPACITOR, European symbol
C112,0.1uF,C-EU0402-B-NOSILK,0402-B-NOSILK,,,CAPACITOR, European symbol
C113,1uF/40V,C-EU0603-B-NOSILK,0603-B-NOSILK,,,CAPACITOR, European symbol
C114,0.01uF,C-EU0402-B-NOSILK,0402-B-NOSILK,,,CAPACITOR, European symbol
C115,1uF,C-EU0603-B-NOSILK,0603-B-NOSILK,,,CAPACITOR, European symbol
C116,0.047uF,C-EU0402-B-NOSILK,0402-B-NOSILK,,,CAPACITOR, European symbol
C117,10uF/40V,C-EU1206-B,1206-B,,,CAPACITOR, European symbol
C118,10uF/40V,C-EU1206-B,1206-B,,,CAPACITOR, European symbol
C119,10uF,C-EU1206-B,1206-B,,,CAPACITOR, European symbol
C120,10uF,C-EU1206-B,1206-B,,,CAPACITOR, European symbol
C121,1uF,C-EU0603-B-NOSILK,0603-B-NOSILK,,,CAPACITOR, European symbol
C122,0.01uF,C-EU0402-B-NOSILK,0402-B-NOSILK,,,CAPACITOR, European symbol
C123,10uF/40V,C-EU1206-B,1206-B,,,CAPACITOR, European symbol
C124,1uF/40V,C-EU0603-B-NOSILK,0603-B-NOSILK,,,CAPACITOR, European symbol
C125,10uF/40V,C-EU1206-B,1206-B,,,CAPACITOR, European symbol
C126,1n,C-EU0402-B-NOSILK,0402-B-NOSILK,,,CAPACITOR, European symbol
C127,1n,C-EU0402-B-NOSILK,0402-B-NOSILK,,,CAPACITOR, European symbol
C128,1n,C-EU0402-B-NOSILK,0402-B-NOSILK,,,CAPACITOR, European symbol
C129,1n,C-EU0402-B-NOSILK,0402-B-NOSILK,,,CAPACITOR, European symbol
C130,1n,C-EU0402-B-NOSILK,0402-B-NOSILK,,,CAPACITOR, European symbol
C132,1n,C-EU0402-B-NOSILK,0402-B-NOSILK,,,CAPACITOR, European symbol
C133,1n,C-EU0402-B-NOSILK,0402-B-NOSILK,,,CAPACITOR, European symbol
C134,25 MHz,8Y,8Y,,,,
D1,DIODE-0603,DIODE-0603,0603-B-NOSILK-DIODE,,,,
D2,DIODE-0603,DIODE-0603,0603-B-NOSILK-DIODE,,,,
D3,DIODE-0603,DIODE-0603,0603-B-NOSILK-DIODE,,,,
D4,BAT54,BAT54,SOT23,,,Schottky Diodes,
D5,SMAJ18CA,SMAJ18CA,D0-214AC,,,,
E5,TBD/FB,L-BEAD-0603-B,0603-B,,,"Bead or Chip inductor (""ferrite bead"") for EMI suppression",
J1,ROCKETNET-CONNECTOR-16M,ROCKETNET-CONNECTOR-16M,ROCKETNET-M-16,,,,
J2,ROCKETNET-CONNECTOR-16M,ROCKETNET-CONNECTOR-16M,ROCKETNET-M-16,,,,
J3,ROCKETNET-CONNECTOR-16M,ROCKETNET-CONNECTOR-16M,ROCKETNET-M-16,,,,
J4,ROCKETNET-CONNECTOR-16M,ROCKETNET-CONNECTOR-16M,ROCKETNET-M-16,,,,
J5,BOOT0 Jumper,1.27MM_HDR_2X12X1,1.27MM_2X1,,,,
J6,ROCKETNET-CONNECTOR-16M,ROCKETNET-CONNECTOR-16M,ROCKETNET-M-16,,,,
J7,ROCKETNET-CONNECTOR-16M,ROCKETNET-CONNECTOR-16M,ROCKETNET-M-16,,,,
J8,ROCKETNET-CONNECTOR-16M,ROCKETNET-CONNECTOR-16M,ROCKETNET-M-16,,,,
J9,ROCKETNET-BATTERY-14,ROCKETNET-BATTERY-14,ROCKETNET-M-14,,,,
J10,UART Header,1.27MM_HDR_1X4_TX_RX,INLINE,,,,
J11,I2C Header,1.27MM_HDR_1X3,1.27MM_3X1,,,,
J12,BOOT1 Jumper,1.27MM_HDR_2X12X1,1.27MM_2X1,,,,
J13,PGOOD Jumper,1.27MM_HDR_2X12X1,1.27MM_2X1,,,,
J14,ROCKETNET-UMBILICAL-18,ROCKETNET-UMBILICAL-18,ROCKETNET-M-18,,,,
J15,Auxiliary Header,1.27MM_HDR_1X4,INLINE,,,,
J16,Auxiliary Header,1.27MM_HDR_1X4,INLINE,,,,
J17,Auxiliary Header,1.27MM_HDR_1X4,INLINE,,,,
J18,Auxiliary Header,1.27MM_HDR_1X4,INLINE,,,,
J19,Auxiliary Header,1.27MM_HDR_1X4,INLINE,,,,
J20,Auxiliary Header,1.27MM_HDR_1X4,INLINE,,,,
J21,Auxiliary Header,1.27MM_HDR_1X4,INLINE,,,,
J22,Debug Header,1.27MM_HDR_2X5,1.27MM_2X5,,,,
L1,4.7uH/IHLP2525CZER4R7M01,IHLP-2525CZ-01,2525,,,,
L2,ACM2012,ACM2012,TDK-ACM2012,,,,
L3,ACM2012,ACM2012,TDK-ACM2012,,,,
L4,ACM2012,ACM2012,TDK-ACM2012,,,,
L5,ACM2012,ACM2012,TDK-ACM2012,,,,
L6,ACM2012,ACM2012,TDK-ACM2012,,,,
L7,ACM2012,ACM2012,TDK-ACM2012,,,,
L8,ACM2012,ACM2012,TDK-ACM2012,,,,
L9,ACM2012,ACM2012,TDK-ACM2012,,,,
L10,ACM2012,ACM2012,TDK-ACM2012,,,,
L11,ACM2012,ACM2012,TDK-ACM2012,,,,
L12,ACM2012,ACM2012,TDK-ACM2012,,,,
L13,ACM2012,ACM2012,TDK-ACM2012,,,,
L14,ACM2012,ACM2012,TDK-ACM2012,,,,
L15,ACM2012,ACM2012,TDK-ACM2012,,,,
L16,ACM2012,ACM2012,TDK-ACM2012,,,,
L17,ACM2012,ACM2012,TDK-ACM2012,,,,
LED1,AMBER,LEDCHIPLED_0603,CHIPLED_0603,,,LED,
LED2,RED,LEDSML0603,SML0603,,,LED,
LED3,GREEN,LEDSML0603,SML0603,,,LED,
LED4,RED,LEDSML0603,SML0603,,,LED,
LED5,AMBER,LEDCHIPLED_0603,CHIPLED_0603,,,LED,
LED6,GREEN,LEDSML0603,SML0603,,,LED,
LED7,RED,LEDSML0603,SML0603,,,LED,
LED8,GREEN,LEDSML0603,SML0603,,,LED,
LED9,AMBER,LEDCHIPLED_0603,CHIPLED_0603,,,LED,
LED10,RED,LEDSML0603,SML0603,,,LED,
LED11,GREEN,LEDSML0603,SML0603,,,LED,
LED12,RED,LEDSML0603,SML0603,,,LED,
LED13,AMBER,LEDCHIPLED_0603,CHIPLED_0603,,,LED,
LED14,GREEN,LEDSML0603,SML0603,,,LED,
LED15,RED,LEDSML0603,SML0603,,,LED,
LED16,GREEN,LEDSML0603,SML0603,,,LED,
LED17,AMBER,LEDCHIPLED_0603,CHIPLED_0603,,,LED,
LED18,RED,LEDSML0603,SML0603,,,LED,
LED21,AMBER,LEDCHIPLED_0603,CHIPLED_0603,,,LED,
LED22,GREEN,LEDCHIPLED_0603,CHIPLED_0603,,,LED,
LED25,AMBER,LEDCHIPLED_0603,CHIPLED_0603,,,LED,
LED29,AMBER,LEDCHIPLED_0603,CHIPLED_0603,,,LED,
LED33,AMBER,LEDCHIPLED_0603,CHIPLED_0603,,,LED,
LED37,RGB,LED_RGB_PLCC-6,PLCC-6,,,RGB LED with separate contacts for all 3 chips,
LED38,GREEN,LEDCHIPLED_0603,CHIPLED_0603,,,LED,
LED39,GREEN,LEDSML0603,SML0603,,,LED,
Q2,FDS6680ASOIC8,FDS6680ASOIC8,SOIC8,,,,
Q3,FDS6680ASOIC8,FDS6680ASOIC8,SOIC8,,,,
Q4,FDS6680ASOIC8,FDS6680ASOIC8,SOIC8,,,,
Q5,SIS412DNSOP-8,SIS412DNSOP-8,1212-8,,,,
Q6,BSS138W-7-F,BSS138W-7-F,SOT323,,,,
Q7,SIS412DNSOP-8,SIS412DNSOP-8,1212-8,,,,
R1,750,R-US_0402-B-NOSILK,0402-B-NOSILK,,,RESISTOR, American symbol
R2,0,R-US_0402-B-NOSILK,0402-B-NOSILK,,,RESISTOR, American symbol
R3,0,R-US_0402-B-NOSILK,0402-B-NOSILK,,,RESISTOR, American symbol
R4,0,R-US_0402-B-NOSILK,0402-B-NOSILK,,,RESISTOR, American symbol
R5,750,R-US_0402-B-NOSILK,0402-B-NOSILK,,,RESISTOR, American symbol
R6,0,R-US_0402-B-NOSILK,0402-B-NOSILK,,,RESISTOR, American symbol
R7,0,R-US_0402-B-NOSILK,0402-B-NOSILK,,,RESISTOR, American symbol
R8,0,R-US_0402-B-NOSILK,0402-B-NOSILK,,,RESISTOR, American symbol
R9,750,R-US_0402-B-NOSILK,0402-B-NOSILK,,,RESISTOR, American symbol
R10,0,R-US_0402-B-NOSILK,0402-B-NOSILK,,,RESISTOR, American symbol
R11,2,R-US_1206-B,1206-B,,,RESISTOR, American symbol
R12,10k,R-US_0402-B-NOSILK,0402-B-NOSILK,,,RESISTOR, American symbol
R13,3k,R-US_0402-B-NOSILK,0402-B-NOSILK,,,RESISTOR, American symbol
R14,1k,R-US_0402-B-NOSILK,0402-B-NOSILK,,,RESISTOR, American symbol
R15,2.2k,R-US_0402-B-NOSILK,0402-B-NOSILK,,,RESISTOR, American symbol
R16,750,R-US_0402-B-NOSILK,0402-B-NOSILK,,,RESISTOR, American symbol
R17,2.2k,R-US_0402-B-NOSILK,0402-B-NOSILK,,,RESISTOR, American symbol
R18,10k,R-US_0402-B-NOSILK,0402-B-NOSILK,,,RESISTOR, American symbol
R19,750,R-US_0402-B-NOSILK,0402-B-NOSILK,,,RESISTOR, American symbol
R20,750,R-US_0402-B-NOSILK,0402-B-NOSILK,,,RESISTOR, American symbol
R21,10k,R-US_0402-B-NOSILK,0402-B-NOSILK,,,RESISTOR, American symbol
R21-17,10k,R-US_0402-B-NOSILK,0402-B-NOSILK,,,RESISTOR, American symbol
R22,10k,R-US_0402-B-NOSILK,0402-B-NOSILK,,,RESISTOR, American symbol
R23,750,R-US_0402-B-NOSILK,0402-B-NOSILK,,,RESISTOR, American symbol
R24,750,R-US_0402-B-NOSILK,0402-B-NOSILK,,,RESISTOR, American symbol
R26,750,R-US_0402-B-NOSILK,0402-B-NOSILK,,,RESISTOR, American symbol
R27,10k,R-US_0402-B-NOSILK,0402-B-NOSILK,,,RESISTOR, American symbol
R28,750,R-US_0402-B-NOSILK,0402-B-NOSILK,,,RESISTOR, American symbol
R29,10k,R-US_0402-B-NOSILK,0402-B-NOSILK,,,RESISTOR, American symbol
R30,750,R-US_0402-B-NOSILK,0402-B-NOSILK,,,RESISTOR, American symbol
R32,750,R-US_0402-B-NOSILK,0402-B-NOSILK,,,RESISTOR, American symbol
R33,750,R-US_0402-B-NOSILK,0402-B-NOSILK,,,RESISTOR, American symbol
R34,10k,R-US_0402-B-NOSILK,0402-B-NOSILK,,,RESISTOR, American symbol
R35,10k,R-US_0402-B-NOSILK,0402-B-NOSILK,,,RESISTOR, American symbol
R36,750,R-US_0402-B-NOSILK,0402-B-NOSILK,,,RESISTOR, American symbol
R38,750,R-US_0402-B-NOSILK,0402-B-NOSILK,,,RESISTOR, American symbol
R39,750,R-US_0402-B-NOSILK,0402-B-NOSILK,,,RESISTOR, American symbol
R40,10k,R-US_0402-B-NOSILK,0402-B-NOSILK,,,RESISTOR, American symbol
R41,10k,R-US_0402-B-NOSILK,0402-B-NOSILK,,,RESISTOR, American symbol
R42,10k,R-US_0402-B-NOSILK,0402-B-NOSILK,,,RESISTOR, American symbol
R43,10k,R-US_0402-B-NOSILK,0402-B-NOSILK,,,RESISTOR, American symbol
R44,750,R-US_0402-B-NOSILK,0402-B-NOSILK,,,RESISTOR, American symbol
R45,750,R-US_0402-B-NOSILK,0402-B-NOSILK,,,RESISTOR, American symbol
R46,750,R-US_0402-B-NOSILK,0402-B-NOSILK,,,RESISTOR, American symbol
R47,10k,R-US_0402-B-NOSILK,0402-B-NOSILK,,,RESISTOR, American symbol
R48,1.2k,R-US_0402-B-NOSILK,0402-B-NOSILK,,,RESISTOR, American symbol
R49,TBD,R-US_0402-B-NOSILK,0402-B-NOSILK,,,RESISTOR, American symbol
R50,750,R-US_0402-B-NOSILK,0402-B-NOSILK,,,RESISTOR, American symbol
R51,TBD,R-US_0402-B-NOSILK,0402-B-NOSILK,,,RESISTOR, American symbol
R52,TBD,R-US_0402-B-NOSILK,0402-B-NOSILK,,,RESISTOR, American symbol
R53,750,R-US_0402-B-NOSILK,0402-B-NOSILK,,,RESISTOR, American symbol
R54,TBD,R-US_0402-B-NOSILK,0402-B-NOSILK,,,RESISTOR, American symbol
R56,TBD,R-US_0402-B-NOSILK,0402-B-NOSILK,,,RESISTOR, American symbol
R57,750,R-US_0402-B-NOSILK,0402-B-NOSILK,,,RESISTOR, American symbol
R58,TBD,R-US_0402-B-NOSILK,0402-B-NOSILK,,,RESISTOR, American symbol
R59,10k,R-US_0402-B-NOSILK,0402-B-NOSILK,,,RESISTOR, American symbol
R60,TBD,R-US_0402-B-NOSILK,0402-B-NOSILK,,,RESISTOR, American symbol
R61,10k,R-US_0402-B-NOSILK,0402-B-NOSILK,,,RESISTOR, American symbol
R62,TBD,R-US_0402-B-NOSILK,0402-B-NOSILK,,,RESISTOR, American symbol
R63,750,R-US_0402-B-NOSILK,0402-B-NOSILK,,,RESISTOR, American symbol
R64,10k,R-US_0402-B-NOSILK,0402-B-NOSILK,,,RESISTOR, American symbol
R65,10K,R-US_0402-B-NOSILK,0402-B-NOSILK,,,RESISTOR, American symbol
R66,TBD,R-US_0402-B-NOSILK,0402-B-NOSILK,,,RESISTOR, American symbol
R67,TBD,R-US_0402-B-NOSILK,0402-B-NOSILK,,,RESISTOR, American symbol
R68,TBD,R-US_0402-B-NOSILK,0402-B-NOSILK,,,RESISTOR, American symbol
R69,TBD,R-US_0402-B-NOSILK,0402-B-NOSILK,,,RESISTOR, American symbol
R70,TBD,R-US_0402-B-NOSILK,0402-B-NOSILK,,,RESISTOR, American symbol
R71,TBD,R-US_0402-B-NOSILK,0402-B-NOSILK,,,RESISTOR, American symbol
R72,0,R-US_0402-B-NOSILK,0402-B-NOSILK,,,RESISTOR, American symbol
R73,154k,R-US_0402-B-NOSILK,0402-B-NOSILK,,,RESISTOR, American symbol
R74,49.9k,R-US_0402-B-NOSILK,0402-B-NOSILK,,,RESISTOR, American symbol
R75,51,R-US_0402-B-NOSILK,0402-B-NOSILK,,,RESISTOR, American symbol
R76,51,R-US_0402-B-NOSILK,0402-B-NOSILK,,,RESISTOR, American symbol
R77,51,R-US_0402-B-NOSILK,0402-B-NOSILK,,,RESISTOR, American symbol
R78,51,R-US_0402-B-NOSILK,0402-B-NOSILK,,,RESISTOR, American symbol
R79,51,R-US_0402-B-NOSILK,0402-B-NOSILK,,,RESISTOR, American symbol
R80,51,R-US_0402-B-NOSILK,0402-B-NOSILK,,,RESISTOR, American symbol
R81,51,R-US_0402-B-NOSILK,0402-B-NOSILK,,,RESISTOR, American symbol
R82,51,R-US_0402-B-NOSILK,0402-B-NOSILK,,,RESISTOR, American symbol
R83,51,R-US_0402-B-NOSILK,0402-B-NOSILK,,,RESISTOR, American symbol
R84,51,R-US_0402-B-NOSILK,0402-B-NOSILK,,,RESISTOR, American symbol
R85,51,R-US_0402-B-NOSILK,0402-B-NOSILK,,,RESISTOR, American symbol
R86,51,R-US_0402-B-NOSILK,0402-B-NOSILK,,,RESISTOR, American symbol
R87,51,R-US_0402-B-NOSILK,0402-B-NOSILK,,,RESISTOR, American symbol
R88,51,R-US_0402-B-NOSILK,0402-B-NOSILK,,,RESISTOR, American symbol
R89,51,R-US_0402-B-NOSILK,0402-B-NOSILK,,,RESISTOR, American symbol
R90,51,R-US_0402-B-NOSILK,0402-B-NOSILK,,,RESISTOR, American symbol
R91,51,R-US_0402-B-NOSILK,0402-B-NOSILK,,,RESISTOR, American symbol
R92,51,R-US_0402-B-NOSILK,0402-B-NOSILK,,,RESISTOR, American symbol
R93,51,R-US_0402-B-NOSILK,0402-B-NOSILK,,,RESISTOR, American symbol
R94,51,R-US_0402-B-NOSILK,0402-B-NOSILK,,,RESISTOR, American symbol
R95,51,R-US_0402-B-NOSILK,0402-B-NOSILK,,,RESISTOR, American symbol
R96,51,R-US_0402-B-NOSILK,0402-B-NOSILK,,,RESISTOR, American symbol
R97,51,R-US_0402-B-NOSILK,0402-B-NOSILK,,,RESISTOR, American symbol
R98,51,R-US_0402-B-NOSILK,0402-B-NOSILK,,,RESISTOR, American symbol
R100,51,R-US_0402-B-NOSILK,0402-B-NOSILK,,,RESISTOR, American symbol
R101,51,R-US_0402-B-NOSILK,0402-B-NOSILK,,,RESISTOR, American symbol
R102,51,R-US_0402-B-NOSILK,0402-B-NOSILK,,,RESISTOR, American symbol
R103,51,R-US_0402-B-NOSILK,0402-B-NOSILK,,,RESISTOR, American symbol
R104,51,R-US_0402-B-NOSILK,0402-B-NOSILK,,,RESISTOR, American symbol
R105,51,R-US_0402-B-NOSILK,0402-B-NOSILK,,,RESISTOR, American symbol
R106,51,R-US_0402-B-NOSILK,0402-B-NOSILK,,,RESISTOR, American symbol
R107,750,R-US_0402-B-NOSILK,0402-B-NOSILK,,,RESISTOR, American symbol
R108,10k,R-US_0402-B-NOSILK,0402-B-NOSILK,,,RESISTOR, American symbol
R109,10k,R-US_0402-B-NOSILK,0402-B-NOSILK,,,RESISTOR, American symbol
R110,750,R-US_0402-B-NOSILK,0402-B-NOSILK,,,RESISTOR, American symbol
R112,750,R-US_0402-B-NOSILK,0402-B-NOSILK,,,RESISTOR, American symbol
R113,10k,R-US_0402-B-NOSILK,0402-B-NOSILK,,,RESISTOR, American symbol
R114,10k,R-US_0402-B-NOSILK,0402-B-NOSILK,,,RESISTOR, American symbol
R115,51,R-US_0402-B-NOSILK,0402-B-NOSILK,,,RESISTOR, American symbol
R116,0,R-US_0402-B-NOSILK,0402-B-NOSILK,,,RESISTOR, American symbol
R117,0,R-US_0402-B-NOSILK,0402-B-NOSILK,,,RESISTOR, American symbol
R118,0,R-US_0402-B-NOSILK,0402-B-NOSILK,,,RESISTOR, American symbol
R119,0,R-US_0402-B-NOSILK,0402-B-NOSILK,,,RESISTOR, American symbol
R120,0,R-US_0402-B-NOSILK,0402-B-NOSILK,,,RESISTOR, American symbol
R121,TBD,R-US_0402-B-NOSILK,0402-B-NOSILK,,,RESISTOR, American symbol
R122,TBD,R-US_0402-B-NOSILK,0402-B-NOSILK,,,RESISTOR, American symbol
R123,TBD,R-US_0402-B-NOSILK,0402-B-NOSILK,,,RESISTOR, American symbol
R124,TBD,R-US_0402-B-NOSILK,0402-B-NOSILK,,,RESISTOR, American symbol
R125,TBD,R-US_0402-B-NOSILK,0402-B-NOSILK,,,RESISTOR, American symbol
R126,TBD,R-US_0402-B-NOSILK,0402-B-NOSILK,,,RESISTOR, American symbol
R127,TBD,R-US_0402-B-NOSILK,0402-B-NOSILK,,,RESISTOR, American symbol
R128,750,R-US_0402-B-NOSILK,0402-B-NOSILK,,,RESISTOR, American symbol
R130,10k,R-US_0402-B-NOSILK,0402-B-NOSILK,,,RESISTOR, American symbol
R131,10k,R-US_0402-B-NOSILK,0402-B-NOSILK,,,RESISTOR, American symbol
R132,1M,R-US_0402-B-NOSILK,0402-B-NOSILK,,,RESISTOR, American symbol
R133,3.01M,R-US_0402-B-NOSILK,0402-B-NOSILK,,,RESISTOR, American symbol
R134,10m/PMR18EZPFU10L0/0.5 Watt,R-US_1206-B,1206-B,,,RESISTOR, American symbol
R135,4.02k,R-US_0402-B-NOSILK,0402-B-NOSILK,,,RESISTOR, American symbol
R136,4.02k,R-US_0402-B-NOSILK,0402-B-NOSILK,,,RESISTOR, American symbol
R137,430k,R-US_0402-B-NOSILK,0402-B-NOSILK,,,RESISTOR, American symbol
R138,66.5k,R-US_0402-B-NOSILK,0402-B-NOSILK,,,RESISTOR, American symbol
R139,100k,R-US_0402-B-NOSILK,0402-B-NOSILK,,,RESISTOR, American symbol
R142,316k,R-US_0402-B-NOSILK,0402-B-NOSILK,,,RESISTOR, American symbol
R143,7.5,R-US_0603-B-NOSILK,0603-B-NOSILK,,,RESISTOR, American symbol
R144,10,R-US_0603-B-NOSILK,0603-B-NOSILK,,,RESISTOR, American symbol
R145,4.02k,R-US_0402-B-NOSILK,0402-B-NOSILK,,,RESISTOR, American symbol
R146,10m/WSLP1206R0100FEA/1.0 Watt,R-US_1206-B,1206-B,,,RESISTOR, American symbol
R147,1k,R-US_0402-B-NOSILK,0402-B-NOSILK,,,RESISTOR, American symbol
R148,1k,R-US_0402-B-NOSILK,0402-B-NOSILK,,,RESISTOR, American symbol
R149,51,R-US_0402-B-NOSILK,0402-B-NOSILK,,,RESISTOR, American symbol
R150,10k,R-US_0402-B-NOSILK,0402-B-NOSILK,,,RESISTOR, American symbol
R151,1n,R-US_0402-B-NOSILK,0402-B-NOSILK,,,RESISTOR, American symbol
R152,51,R-US_0402-B-NOSILK,0402-B-NOSILK,,,RESISTOR, American symbol
R153,51,R-US_0402-B-NOSILK,0402-B-NOSILK,,,RESISTOR, American symbol
R154,51,R-US_0402-B-NOSILK,0402-B-NOSILK,,,RESISTOR, American symbol
R155,51,R-US_0402-B-NOSILK,0402-B-NOSILK,,,RESISTOR, American symbol
R156,51,R-US_0402-B-NOSILK,0402-B-NOSILK,,,RESISTOR, American symbol
R157,51,R-US_0402-B-NOSILK,0402-B-NOSILK,,,RESISTOR, American symbol
R158,51,R-US_0402-B-NOSILK,0402-B-NOSILK,,,RESISTOR, American symbol
R159,51,R-US_0402-B-NOSILK,0402-B-NOSILK,,,RESISTOR, American symbol
R160,51,R-US_0402-B-NOSILK,0402-B-NOSILK,,,RESISTOR, American symbol
R161,51,R-US_0402-B-NOSILK,0402-B-NOSILK,,,RESISTOR, American symbol
R162,51,R-US_0402-B-NOSILK,0402-B-NOSILK,,,RESISTOR, American symbol
R163,51,R-US_0402-B-NOSILK,0402-B-NOSILK,,,RESISTOR, American symbol
R164,51,R-US_0402-B-NOSILK,0402-B-NOSILK,,,RESISTOR, American symbol
R165,51,R-US_0402-B-NOSILK,0402-B-NOSILK,,,RESISTOR, American symbol
R167,100,R-US_0402-B-NOSILK,0402-B-NOSILK,,,RESISTOR, American symbol
R168,100R,R-US_0402-B-NOSILK,0402-B-NOSILK,,,RESISTOR, American symbol
T1,BSS84,PMOSSOT23,SOT-23,,,MOS FET,
T2,NDS335N,NMOSSOT23,SOT-23,,,MOS FET,
T3,ALT4532,ALT4532,TDK-ALT4532,,,,
T4,ALT4532,ALT4532,TDK-ALT4532,,,,
T5,ALT4532,ALT4532,TDK-ALT4532,,,,
T6,ALT4532,ALT4532,TDK-ALT4532,,,,
T7,ALT4532,ALT4532,TDK-ALT4532,,,,
T8,ALT4532,ALT4532,TDK-ALT4532,,,,
T9,ALT4532,ALT4532,TDK-ALT4532,,,,
T10,ALT4532,ALT4532,TDK-ALT4532,,,,
T11,ALT4532,ALT4532,TDK-ALT4532,,,,
T12,ALT4532,ALT4532,TDK-ALT4532,,,,
T13,ALT4532,ALT4532,TDK-ALT4532,,,,
T14,ALT4532,ALT4532,TDK-ALT4532,,,,
T15,ALT4532,ALT4532,TDK-ALT4532,,,,
T16,ALT4532,ALT4532,TDK-ALT4532,,,,
T17,ALT4532,ALT4532,TDK-ALT4532,,,,
T18,ALT4532,ALT4532,TDK-ALT4532,,,,
T19,BSS84,PMOSSOT23,SOT-23,,,MOS FET,
T20,NDS335N,NMOSSOT23,SOT-23,,,MOS FET,
TP1,TPTP06R,TPTP06R,TP06R,,,Test pad,
TP2,TPTP06R,TPTP06R,TP06R,,,Test pad,
TP3,TPTP06R,TPTP06R,TP06R,,,Test pad,
TP4,TPTP06R,TPTP06R,TP06R,,,Test pad,
TP5,TPTP06R,TPTP06R,TP06R,,,Test pad,
TP6,TPTP06R,TPTP06R,TP06R,,,Test pad,
TP7,TPTP06R,TPTP06R,TP06R,,,Test pad,
TP8,TPTP06R,TPTP06R,TP06R,,,Test pad,
TP9,TPTP06R,TPTP06R,TP06R,,,Test pad,
TP10,TPTP06R,TPTP06R,TP06R,,,Test pad,
TP11,TPTP06R,TPTP06R,TP06R,,,Test pad,
TP12,TPTP06R,TPTP06R,TP06R,,,Test pad,
TP13,TPTP06R,TPTP06R,TP06R,,,Test pad,
TP14,TPTP06R,TPTP06R,TP06R,,,Test pad,
TP15,TPTP06R,TPTP06R,TP06R,,,Test pad,
TP16,TPTP06R,TPTP06R,TP06R,,,Test pad,
TP17,TPTP06R,TPTP06R,TP06R,,,Test pad,
TP18,TPTP06R,TPTP06R,TP06R,,,Test pad,
TP19,TPTP06R,TPTP06R,TP06R,,,Test pad,
TP20,TPTP06R,TPTP06R,TP06R,,,Test pad,
TP21,TPTP06R,TPTP06R,TP06R,,,Test pad,
TP22,TPTP06R,TPTP06R,TP06R,,,Test pad,
TP23,TPTP06R,TPTP06R,TP06R,,,Test pad,
TP24,TPTP06R,TPTP06R,TP06R,,,Test pad,
TP25,TPTP06R,TPTP06R,TP06R,,,Test pad,
TP26,TPTP06R,TPTP06R,TP06R,,,Test pad,
TP27,TPTP06R,TPTP06R,TP06R,,,Test pad,
TP28,TPTP06R,TPTP06R,TP06R,,,Test pad,
TP29,TPTP06R,TPTP06R,TP06R,,,Test pad,
TP30,TPTP06R,TPTP06R,TP06R,,,Test pad,
TP31,TPTP06R,TPTP06R,TP06R,,,Test pad,
TP32,TPTP06R,TPTP06R,TP06R,,,Test pad,
TP33,TPTP06R,TPTP06R,TP06R,,,Test pad,
TP34,TPTP06R,TPTP06R,TP06R,,,Test pad,
TP35,TPTP06R,TPTP06R,TP06R,,,Test pad,
TP36,TPTP06R,TPTP06R,TP06R,,,Test pad,
TP37,TPTP06R,TPTP06R,TP06R,,,Test pad,
TP38,TPTP06R,TPTP06R,TP06R,,,Test pad,
TP39,TPTP06R,TPTP06R,TP06R,,,Test pad,
TP40,TPTP06R,TPTP06R,TP06R,,,Test pad,
U1,STM32F407V100-PIN_QFP,STM32F407V100-PIN_QFP,LQFP-100,,,,
U2,BQ24725QFN-20,BQ24725QFN-20,S-PVQFN-N20,,,,
U3,SN65220DBV,SN65220DBV,SOT23-6L,,,,
U4,KS8999,KS8999,PQFP208,,,,
U5,LTM8023,LTM8023,LGA-50,,,,
U6,MIC37101-2.1YM,MIC37101-2.1YM,SOIC-8,,,,
U7,TPS2420QFN-16,TPS2420QFN-16,QFN-306,,,,
U8,TPS2420QFN-16,TPS2420QFN-16,QFN-306,,,,
U9,TPS2420QFN-16,TPS2420QFN-16,QFN-306,,,,
U10,TPS2420QFN-16,TPS2420QFN-16,QFN-306,,,,
U11,TPS2420QFN-16,TPS2420QFN-16,QFN-306,,,,
U12,TPS2420QFN-16,TPS2420QFN-16,QFN-306,,,,
U13,TPS2420QFN-16,TPS2420QFN-16,QFN-306,,,,
U14,MAX4734ETC+,MAX4734ETC+,TQFN-12,,,,
U15,MAX4734ETC+,MAX4734ETC+,TQFN-12,,,,
